2|Антонов А.А|Книжка|2013|20,15|True|Книжка о чём-то|
3|Антонов А.А|Книжка|2013|20,15|True|Книжка о чём-то|
4|Антонов А.А|Книжка|2013|20,15|True|Книжка о чём-то|
5|Антонов А.А|Книжка|2013|20,15|True|Книжка о чём-то|
6|Антонов А.А|Книжка|2013|20,15|True|Книжка о чём-то|
7|Антонов А.А|КнижкаF|2013|20,15|True|Книжка о чём-то аааааааааааааааааааааааааааааааааа|
8|Антонов А.А|Книжка|2013|20,15|True|Книжка о чём-то аааааааааааааааааааааааааааааааааа|
9|Антонов А.А|Книжка|2013|20,15|True|Книжка о чём-то аааааааааааааааааааааааааааааааааа|
10|Антонов А.А|Книжка|2013|20,15|True|Книжка о чём-то аааааааааааааааааааааааааааааааааа|
11|Антонов А.А|Книжка|2013|20,15|True|Книжка о чём-то аааааааааааааааааааааааааааааааааа|
12|Антонов А.А|Книжка|2013|20,15|True|Книжка о чём-то аааааааааааааааааааааааааааааааааа|
14|Антонов А.А|Книжка|2013|20,15|True|Книжка о чём-то аааааааааааааааааааааааааааааааааа|
15|Антонов А.А|Книжка|2013|20,15|True|Книжка о чём-то аааааааааааааааааааааааааааааааааа|
16|Антонов А.А|Книжка|2013|20,15|True|Книжка о чём-то аааааааааааааааааааааааааааааааааа|
17|Пушкин А.С|Евгений Онегин|0|250|False||
18|Стивен Кингн|Оно|2021|400|False||
